Frame,integer_adm2,integer_adm_scale0,integer_adm_scale1,integer_adm_scale2,integer_adm_scale3,integer_motion2,integer_motion,integer_vif_scale0,integer_vif_scale1,integer_vif_scale2,integer_vif_scale3,vmaf,
0,0.993835,0.981563,0.984608,0.994291,0.999344,0.000000,0.000000,0.704413,0.976221,0.988295,0.993008,94.959206,
1,0.993537,0.975359,0.981776,0.996314,0.999898,4.175463,4.235790,0.695486,0.980882,0.991811,0.995599,100.000000,
2,0.993770,0.979705,0.984171,0.994945,0.999550,4.106378,4.175463,0.698542,0.984228,0.993345,0.996335,100.000000,
3,0.992748,0.976590,0.980070,0.994261,0.999848,4.106378,4.106378,0.675891,0.981198,0.992149,0.995742,100.000000,
4,0.994369,0.981795,0.985956,0.995810,0.999289,4.019186,4.112193,0.690639,0.986004,0.994145,0.996699,100.000000,
5,0.991894,0.976368,0.980863,0.993728,0.998298,3.897284,4.019186,0.684828,0.981038,0.992121,0.995796,99.940984,
6,0.992783,0.979733,0.983181,0.993614,0.998921,3.835277,3.897284,0.685045,0.983897,0.993367,0.996401,100.000000,
7,0.991641,0.975624,0.981041,0.991872,0.999223,3.807795,3.835277,0.679159,0.982020,0.992690,0.996180,99.835843,
8,0.994663,0.984176,0.987804,0.995654,0.999128,3.797967,3.807795,0.732692,0.989891,0.995732,0.997695,100.000000,
9,0.991585,0.976056,0.980909,0.993199,0.998200,3.783160,3.797967,0.682786,0.981476,0.992004,0.995659,99.717688,
10,0.992912,0.979849,0.984679,0.992897,0.999001,3.758775,3.783160,0.700131,0.984440,0.993113,0.996141,100.000000,
11,0.992046,0.976651,0.982259,0.993032,0.998607,3.665228,3.758775,0.683371,0.981606,0.992191,0.995766,99.689269,
12,0.993756,0.982818,0.986731,0.993726,0.998871,3.526541,3.665228,0.722665,0.986778,0.994411,0.996717,100.000000,
13,0.992058,0.976478,0.982010,0.992224,0.999123,3.426662,3.526541,0.700381,0.981896,0.992266,0.995643,99.387103,
14,0.993961,0.979815,0.986001,0.994271,0.999864,3.376822,3.426662,0.719900,0.985203,0.993552,0.996350,99.869227,
15,0.993623,0.976528,0.983899,0.995461,1.000089,3.376822,3.376822,0.711312,0.983598,0.992843,0.995983,99.726643,
16,0.995006,0.981016,0.986485,0.995664,1.001049,3.339864,3.412653,0.716635,0.986170,0.993658,0.996262,100.000000,
17,0.993079,0.976655,0.982370,0.994470,1.000152,3.198002,3.339864,0.694949,0.983784,0.992939,0.995865,99.380185,
18,0.993516,0.980138,0.985913,0.994072,0.999288,3.124537,3.198002,0.719614,0.986028,0.993940,0.996816,99.511994,
19,0.993312,0.977488,0.983059,0.994852,1.000099,2.984535,3.124537,0.696430,0.983356,0.992930,0.996078,99.176803,
20,0.994297,0.982466,0.988080,0.994724,0.999232,2.888214,2.984535,0.719218,0.987267,0.994402,0.996928,99.418586,
21,0.991689,0.976119,0.981154,0.991674,0.999113,2.721977,2.888214,0.687754,0.982580,0.992289,0.995568,98.420652,
22,0.993805,0.981060,0.984893,0.995319,0.999179,2.721977,2.721977,0.703856,0.985708,0.993859,0.996658,99.049674,
23,0.993448,0.977802,0.984469,0.994037,1.000165,2.757812,2.757812,0.691569,0.984119,0.993298,0.996427,98.969456,
24,0.996099,0.986507,0.989632,0.996575,1.000598,2.765138,2.772084,0.727590,0.991134,0.996377,0.997969,99.845708,
25,0.992655,0.977554,0.980733,0.995819,0.998810,2.731099,2.765138,0.694107,0.984675,0.993479,0.996212,98.755277,
26,0.993391,0.980668,0.982372,0.994656,0.999736,2.731099,2.731099,0.687895,0.986296,0.993980,0.996362,98.959803,
27,0.993998,0.978099,0.982748,0.995930,1.000940,2.767687,2.767687,0.691543,0.983903,0.993017,0.996071,99.059741,
28,0.995092,0.983977,0.987319,0.995938,1.000189,2.856482,2.856482,0.722986,0.988277,0.994798,0.996876,99.569628,
29,0.993544,0.977878,0.983540,0.995156,1.000020,3.288201,3.288201,0.695264,0.983749,0.993088,0.996083,99.618950,
30,0.995008,0.983341,0.987686,0.996117,0.999798,3.841294,3.841294,0.718284,0.986894,0.994340,0.996867,100.000000,
31,0.993966,0.979791,0.984655,0.995254,0.999961,3.975427,3.975427,0.706919,0.984205,0.993062,0.996104,100.000000,
32,0.994629,0.980740,0.985301,0.997731,0.999464,4.171820,4.171820,0.715896,0.983111,0.992144,0.995251,100.000000,
33,0.993426,0.978670,0.982794,0.996085,0.999151,4.354852,4.411150,0.698902,0.983792,0.993106,0.996191,100.000000,
34,0.993836,0.980913,0.984900,0.994827,0.999587,4.354852,4.354852,0.704668,0.986218,0.994092,0.996755,100.000000,
35,0.993234,0.976521,0.982038,0.994198,1.000841,4.541366,4.541366,0.694289,0.982639,0.992583,0.995900,100.000000,
36,0.994692,0.982369,0.986783,0.994607,1.000578,4.671879,4.671879,0.717245,0.987679,0.994913,0.997180,100.000000,
37,0.993258,0.976598,0.981362,0.994993,1.000190,4.837750,4.837750,0.688051,0.982249,0.992295,0.995617,100.000000,
38,0.993385,0.981102,0.984123,0.993866,0.999035,4.994174,4.994174,0.709383,0.984814,0.993469,0.996256,100.000000,
39,0.992829,0.976804,0.981570,0.994510,0.999563,5.094744,5.172161,0.708893,0.982520,0.992367,0.995821,100.000000,
40,0.995200,0.985135,0.988982,0.995436,0.999547,4.920234,5.094744,0.749332,0.990271,0.995860,0.997500,100.000000,
41,0.992467,0.977522,0.979807,0.993311,0.999999,4.746991,4.920234,0.664436,0.983044,0.992743,0.996090,100.000000,
42,0.994036,0.980633,0.985088,0.995109,0.999613,4.705685,4.746991,0.692942,0.985607,0.993992,0.996979,100.000000,
43,0.992688,0.977064,0.981851,0.993364,0.999741,4.518733,4.705685,0.690156,0.982982,0.992673,0.996295,100.000000,
44,0.994062,0.982554,0.986958,0.994454,0.999278,4.502865,4.518733,0.725887,0.987593,0.994603,0.997217,100.000000,
45,0.993017,0.977950,0.982654,0.993972,0.999852,4.502865,4.502865,0.696677,0.983196,0.992391,0.995780,100.000000,
46,0.994281,0.981639,0.984898,0.995104,1.000029,4.533692,4.555827,0.719346,0.985809,0.993736,0.996550,100.000000,
47,0.994199,0.979025,0.982893,0.996558,1.000412,4.450178,4.533692,0.714457,0.984045,0.992974,0.995995,100.000000,
48,0.994818,0.982278,0.986865,0.996664,0.999586,4.281782,4.450178,0.712999,0.985459,0.993299,0.996200,100.000000,
49,0.993960,0.979066,0.983959,0.995159,1.000556,4.099783,4.281782,0.708000,0.984242,0.992955,0.996042,100.000000,
50,0.993502,0.980065,0.985596,0.993865,0.999649,3.955391,4.099783,0.703650,0.986247,0.993907,0.996482,100.000000,
51,0.993098,0.977918,0.981951,0.993743,1.000544,3.814478,3.955391,0.695399,0.983006,0.992376,0.995545,100.000000,
52,0.993669,0.981586,0.987011,0.993070,0.999566,3.814478,3.814478,0.708712,0.987439,0.994747,0.997111,100.000000,
53,0.992948,0.977161,0.982138,0.993841,1.000275,3.875855,3.884072,0.683636,0.983039,0.992407,0.995652,100.000000,
54,0.993273,0.979849,0.984755,0.993503,0.999483,3.853274,3.875855,0.693989,0.985876,0.993832,0.996293,100.000000,
55,0.993171,0.977387,0.980716,0.995762,0.999997,3.790989,3.853274,0.685092,0.983801,0.993166,0.996518,100.000000,
56,0.994950,0.984770,0.989557,0.994267,0.999662,3.729502,3.790989,0.741388,0.990593,0.996055,0.997753,100.000000,
57,0.992638,0.977041,0.983424,0.993549,0.999203,3.676986,3.729502,0.695149,0.984144,0.993159,0.996112,99.915030,
58,0.993899,0.979951,0.986692,0.994862,0.999398,3.624452,3.676986,0.701999,0.985736,0.993704,0.996307,100.000000,
59,0.992719,0.978371,0.983872,0.993631,0.999086,3.569544,3.624452,0.692424,0.983048,0.992623,0.995864,99.749774,
60,0.994327,0.983019,0.985707,0.995403,0.999727,3.486398,3.569544,0.718743,0.987555,0.994504,0.996923,100.000000,
61,0.993482,0.977796,0.983246,0.994485,1.000588,3.486398,3.486398,0.699142,0.984226,0.993311,0.996466,99.896747,
62,0.993553,0.981221,0.984693,0.995207,0.999076,3.507444,3.552782,0.711623,0.987153,0.994437,0.997133,100.000000,
63,0.993981,0.978290,0.982288,0.996683,1.000505,3.430328,3.507444,0.700341,0.985032,0.993729,0.996444,99.955937,
64,0.993674,0.980708,0.984765,0.994132,0.999823,3.362479,3.430328,0.704563,0.985070,0.993256,0.995985,99.745415,
65,0.993535,0.977571,0.982589,0.994936,1.000596,3.333726,3.362479,0.697539,0.984948,0.993677,0.996649,99.751381,
66,0.994190,0.980140,0.984987,0.994699,1.000797,3.274201,3.333726,0.695321,0.986899,0.994542,0.996818,99.881351,
67,0.992972,0.976309,0.981767,0.995848,0.999639,3.117878,3.274201,0.678575,0.983773,0.993055,0.996036,99.278630,
68,0.994050,0.982857,0.986399,0.995999,0.998705,2.783307,3.117878,0.699937,0.987797,0.994618,0.997108,99.261898,
69,0.993074,0.977296,0.981348,0.995657,1.000195,2.553624,2.783307,0.691715,0.984785,0.993337,0.996104,98.608286,
70,0.993098,0.980136,0.983923,0.994159,0.999205,2.388966,2.553624,0.708656,0.986786,0.994304,0.996689,98.497873,
71,0.992721,0.978475,0.982896,0.993523,0.999425,2.279585,2.388966,0.696025,0.984659,0.993107,0.995974,98.159959,
72,0.995536,0.986508,0.990386,0.995742,0.999559,2.015785,2.279585,0.741814,0.991558,0.996348,0.998046,98.764648,
73,0.992759,0.979146,0.982406,0.993210,0.999630,1.941426,2.015785,0.699354,0.985839,0.993771,0.996517,97.813902,
74,0.993194,0.981822,0.985597,0.993970,0.998443,1.941426,1.941426,0.722097,0.987451,0.994652,0.996941,97.979447,
75,0.991946,0.976973,0.980490,0.994744,0.998564,1.962746,1.962746,0.700454,0.985594,0.993922,0.996650,97.679986,
76,0.994048,0.981877,0.986848,0.995879,0.998966,1.954797,1.972041,0.712025,0.989329,0.995648,0.997635,98.296391,
77,0.992650,0.976550,0.982469,0.993371,1.000341,1.954797,1.954797,0.706811,0.986332,0.994314,0.996851,97.857056,
78,0.993567,0.981406,0.985354,0.993310,0.999984,1.967256,1.967256,0.719770,0.987682,0.994543,0.997055,98.100207,
79,0.994065,0.979572,0.985852,0.995858,1.000006,1.926661,1.972344,0.713847,0.986763,0.994030,0.996736,98.106106,
80,0.994251,0.982512,0.986595,0.995524,0.999470,1.926483,1.926661,0.718787,0.988843,0.995201,0.997380,98.258595,
81,0.993158,0.978154,0.983556,0.995073,0.999590,1.926483,1.926483,0.689694,0.987060,0.994520,0.996942,97.960142,
82,0.993251,0.981025,0.984792,0.994332,0.999144,1.902252,1.931048,0.714415,0.988302,0.995153,0.997477,98.014306,
83,0.992432,0.978009,0.981857,0.995429,0.998548,1.902252,1.902252,0.690518,0.985256,0.993775,0.996790,97.716940,
84,0.993697,0.982584,0.987125,0.993739,0.999083,1.908261,1.908261,0.692945,0.988773,0.995368,0.997285,98.126199,
85,0.993228,0.978749,0.982617,0.994446,1.000354,2.016183,2.016183,0.688313,0.985043,0.993877,0.996978,98.055848,
86,0.992786,0.981292,0.983867,0.993284,0.998938,2.142437,2.146806,0.698965,0.987322,0.994863,0.997575,98.218055,
87,0.992207,0.978970,0.982443,0.993073,0.999049,2.142437,2.142437,0.687805,0.984765,0.993714,0.996461,97.944226,
88,0.995090,0.986596,0.988718,0.995988,0.999349,2.154352,2.154352,0.731153,0.991437,0.996409,0.997990,98.846408,
89,0.992278,0.977184,0.979976,0.994852,0.999524,2.367452,2.367452,0.667441,0.984676,0.993332,0.996253,98.221543,
90,0.993050,0.980989,0.984426,0.994581,0.998520,2.429549,2.437692,0.689514,0.985868,0.993925,0.996437,98.504499,
91,0.991286,0.975881,0.982184,0.993462,0.997644,2.429549,2.429549,0.674635,0.983891,0.993073,0.996048,98.048552,
92,0.994481,0.983402,0.987396,0.995527,0.999511,2.460095,2.460095,0.712070,0.988503,0.995222,0.997409,98.996458,
93,0.993236,0.977523,0.982422,0.995589,1.000318,2.510120,2.510120,0.660563,0.984326,0.993307,0.996148,98.602751,
94,0.994112,0.981878,0.983994,0.995393,1.000528,2.570050,2.570050,0.698051,0.986463,0.994047,0.996648,98.936492,
95,0.994454,0.979832,0.984166,0.997761,1.000425,2.618947,2.618947,0.689291,0.985389,0.993675,0.996486,99.041401,
96,0.993903,0.982087,0.985867,0.994091,0.999953,2.688339,2.688339,0.699533,0.984628,0.992886,0.995724,98.905812,
97,0.993712,0.979690,0.984460,0.995881,0.999795,2.692625,2.692625,0.701985,0.985341,0.993517,0.996342,98.950053,
98,0.993540,0.981910,0.986000,0.994487,0.998901,2.773374,2.773374,0.715245,0.986859,0.994442,0.996776,99.095554,
99,0.993105,0.978206,0.981538,0.996351,0.999492,2.819186,2.819186,0.699284,0.984281,0.993074,0.995925,98.920395,
100,0.994780,0.983715,0.986489,0.995791,1.000052,2.833655,2.833655,0.717796,0.987989,0.994889,0.996949,99.481847,
101,0.993153,0.977161,0.980830,0.995582,1.000424,2.835056,2.862841,0.696267,0.983338,0.992916,0.995820,98.932001,
102,0.993626,0.980716,0.985705,0.995508,0.999053,2.753881,2.835056,0.709356,0.986194,0.994072,0.996819,99.074588,
103,0.993570,0.977143,0.981776,0.995723,1.001306,2.753881,2.753881,0.691079,0.984891,0.993699,0.996337,99.005532,
104,0.994949,0.985184,0.988516,0.995758,0.999703,2.681828,2.770062,0.740563,0.990661,0.996201,0.997775,99.460822,
105,0.992439,0.978980,0.981740,0.994627,0.998948,2.549699,2.681828,0.685708,0.983521,0.992759,0.996160,98.440143,
106,0.993313,0.981447,0.984000,0.994645,0.999319,2.453596,2.549699,0.711045,0.986311,0.994352,0.996787,98.634227,
107,0.991885,0.976612,0.980140,0.994059,0.999177,2.387158,2.453596,0.691047,0.983960,0.993128,0.995579,98.082627,
108,0.993931,0.982681,0.986136,0.994924,0.999328,2.387158,2.387158,0.707334,0.988071,0.994925,0.997104,98.745030,
109,0.992835,0.978399,0.982607,0.995611,0.999120,2.276959,2.409232,0.680778,0.984566,0.993506,0.996402,98.240649,
110,0.993518,0.980670,0.983907,0.995422,0.999669,2.138746,2.276959,0.700037,0.986564,0.994105,0.996399,98.240041,
111,0.992772,0.980109,0.984314,0.993558,0.999201,2.113065,2.138746,0.689748,0.984991,0.993396,0.996008,97.979276,
112,0.994695,0.982163,0.987190,0.997199,0.999616,2.113065,2.113065,0.703596,0.987352,0.994533,0.996765,98.514526,
113,0.994364,0.980235,0.986291,0.996350,1.000237,2.114841,2.114841,0.694170,0.985259,0.993496,0.996219,98.348897,
114,0.992923,0.980810,0.985501,0.992885,0.999246,2.070220,2.121379,0.713060,0.986746,0.994222,0.996501,98.031542,
115,0.992035,0.979295,0.981888,0.992932,0.998978,2.070220,2.070220,0.707239,0.984264,0.993080,0.996199,97.753448,
116,0.993713,0.982545,0.986821,0.994108,0.999386,2.099094,2.126213,0.714462,0.988332,0.995162,0.997302,98.354376,
117,0.992513,0.979517,0.983442,0.993248,0.999386,2.099094,2.099094,0.701036,0.984687,0.993450,0.996364,97.929223,
118,0.993368,0.981454,0.984978,0.994236,0.999564,2.127013,2.127013,0.714426,0.986641,0.994251,0.996614,98.210725,
119,0.993815,0.979413,0.982466,0.996621,1.000577,2.133836,2.133836,0.711878,0.985027,0.993730,0.996543,98.281419,
120,0.995126,0.985000,0.988758,0.996523,0.999545,2.166775,2.166775,0.727569,0.991268,0.996198,0.997828,98.847961,
121,0.992513,0.978422,0.980938,0.995056,0.999204,2.230745,2.230745,0.694164,0.984932,0.993489,0.996395,98.105628,
122,0.993616,0.981449,0.984882,0.994085,0.999817,2.234725,2.234725,0.709287,0.986713,0.994194,0.996826,98.419370,
123,0.992663,0.979662,0.981764,0.994418,0.998981,2.300268,2.304986,0.697072,0.984482,0.993304,0.995989,98.182572,
124,0.993896,0.983338,0.987049,0.994846,0.998615,2.300268,2.300268,0.720985,0.988110,0.994865,0.996860,98.599933,
125,0.991479,0.978980,0.983324,0.991170,0.998236,2.322525,2.322525,0.692306,0.984357,0.993228,0.996144,97.963432,
126,0.994268,0.981509,0.986200,0.994295,1.000722,2.370714,2.370714,0.725070,0.987113,0.994490,0.996891,98.751211,
127,0.993135,0.979147,0.981171,0.994514,1.000352,2.374571,2.374571,0.707142,0.984806,0.993421,0.996398,98.416050,
128,0.993840,0.981999,0.985983,0.994933,0.999073,2.392235,2.401652,0.706105,0.984664,0.992662,0.995628,98.495888,
129,0.992455,0.978500,0.981870,0.993141,0.999661,2.392235,2.392235,0.713688,0.984976,0.993396,0.996136,98.266468,
130,0.992684,0.980733,0.984437,0.993393,0.998676,2.443889,2.443889,0.718685,0.986760,0.994304,0.996834,98.486188,
131,0.991856,0.978101,0.980644,0.992476,0.999483,2.335559,2.449902,0.704374,0.984382,0.993165,0.996148,98.054902,
132,0.993576,0.983039,0.984803,0.994820,0.999009,2.285161,2.335559,0.718527,0.988504,0.994879,0.996903,98.517369,
133,0.991945,0.977527,0.980727,0.992761,0.999520,2.285161,2.285161,0.699966,0.984801,0.993570,0.996413,98.053118,
134,0.993409,0.980574,0.985387,0.994038,0.999572,2.257764,2.308681,0.717247,0.986720,0.994310,0.996888,98.411199,
135,0.991810,0.977056,0.979630,0.992586,1.000106,2.163180,2.257764,0.684627,0.984507,0.993102,0.996139,97.831185,
136,0.995650,0.986635,0.989102,0.996009,1.000422,2.157678,2.163180,0.741534,0.991807,0.996430,0.997904,98.966366,
137,0.992721,0.977008,0.981903,0.993765,1.000271,2.113461,2.157678,0.699338,0.984784,0.993100,0.996076,97.955206,
138,0.993542,0.980515,0.985872,0.994143,0.999592,2.078565,2.113461,0.717546,0.987017,0.994214,0.996766,98.197692,
139,0.991797,0.977738,0.981110,0.991362,1.000027,2.078565,2.078565,0.685818,0.984353,0.993390,0.996278,97.743621,
140,0.994531,0.983531,0.987290,0.994945,1.000110,2.052488,2.082282,0.724848,0.988414,0.994935,0.996763,98.415980,
141,0.992433,0.981132,0.983001,0.992756,0.999154,1.973048,2.052488,0.707498,0.984567,0.993116,0.995769,97.684131,
142,0.993948,0.981937,0.985693,0.995917,0.999248,1.968317,1.973048,0.727394,0.988201,0.994876,0.996917,98.188249,
143,0.993794,0.978109,0.982115,0.996373,1.000849,1.967362,1.968317,0.705676,0.986558,0.994143,0.996598,98.096002,
144,0.994892,0.982856,0.986311,0.994769,1.001357,1.967362,1.967362,0.716468,0.988867,0.995172,0.997062,98.425074,
145,0.993779,0.977900,0.983052,0.995289,1.001062,1.951025,1.969586,0.684557,0.987294,0.994845,0.997148,98.162103,
146,0.993604,0.981215,0.982925,0.994781,1.000210,1.931814,1.951025,0.695109,0.988405,0.995234,0.997320,98.129977,
147,0.993454,0.978258,0.982136,0.995191,1.000644,1.910114,1.931814,0.692862,0.986528,0.994592,0.997073,98.013432,
148,0.994033,0.982314,0.985329,0.994508,0.999998,1.891968,1.910114,0.711964,0.989345,0.995506,0.997611,98.204193,
149,0.992230,0.978422,0.983150,0.993221,0.998612,1.888372,1.891968,0.690630,0.985512,0.993979,0.996884,97.672955,
150,0.993559,0.981048,0.983515,0.994751,0.999798,1.879763,1.888372,0.703190,0.986960,0.994150,0.996575,97.934048,
151,0.992129,0.977591,0.981094,0.993084,0.999393,1.879763,1.879763,0.672366,0.985762,0.993961,0.996584,97.627553,
152,0.995336,0.985498,0.989470,0.996271,0.999598,1.937819,1.937819,0.710656,0.991666,0.996505,0.997761,98.615721,
153,0.992503,0.978927,0.978785,0.995096,0.999725,1.966896,1.966896,0.684157,0.986070,0.994187,0.996864,97.846650,
154,0.993604,0.981099,0.984132,0.994300,1.000150,1.981015,1.994493,0.696838,0.987798,0.994743,0.996711,98.118070,
155,0.991496,0.977953,0.980554,0.992123,0.998879,1.919116,1.981015,0.684665,0.985312,0.993605,0.996148,97.478951,
156,0.993895,0.983959,0.985839,0.993852,0.999706,1.901762,1.919116,0.704091,0.989396,0.995360,0.997288,98.158006,
157,0.993315,0.978280,0.983449,0.993500,1.001032,1.901762,1.901762,0.697356,0.986581,0.994441,0.996805,97.941786,
158,0.992934,0.982366,0.983912,0.992303,0.999349,1.834166,1.911007,0.697892,0.987752,0.994734,0.996956,97.802621,
159,0.993035,0.978623,0.981680,0.995255,0.999658,1.812469,1.834166,0.703154,0.986587,0.994330,0.997005,97.774505,
160,0.992840,0.981678,0.982052,0.994663,0.998699,1.788640,1.812469,0.712437,0.986272,0.993840,0.996619,97.642149,
161,0.993588,0.980050,0.982330,0.994551,1.000815,1.768234,1.788640,0.697732,0.986953,0.994582,0.996776,97.835648,
162,0.993348,0.980055,0.981964,0.994892,1.000191,1.768234,1.768234,0.707988,0.988182,0.995228,0.997268,97.852156,
163,0.991495,0.976743,0.978783,0.992525,0.999446,1.774030,1.794554,0.687889,0.985022,0.993404,0.995965,97.266226,
164,0.993834,0.983663,0.983982,0.994437,0.999822,1.751657,1.774030,0.715258,0.988760,0.995159,0.997146,97.923014,
165,0.991899,0.978527,0.978345,0.993804,0.999415,1.726697,1.751657,0.700835,0.985722,0.994040,0.996671,97.374355,
166,0.993216,0.981773,0.984815,0.993489,0.999303,1.726697,1.726697,0.711169,0.988228,0.995048,0.997291,97.762297,
167,0.990914,0.978740,0.979879,0.990972,0.998270,1.792063,1.792063,0.703954,0.985703,0.993739,0.996222,97.192180,
168,0.994365,0.985265,0.986979,0.994345,0.999587,1.809436,1.809436,0.723321,0.990948,0.996082,0.997665,98.203088,
169,0.991459,0.978613,0.981371,0.992318,0.998133,1.895053,1.895053,0.703060,0.985940,0.993826,0.996420,97.464435,
170,0.993277,0.980695,0.984714,0.994952,0.998864,1.890602,1.920852,0.711370,0.987656,0.994574,0.996753,97.919146,
171,0.991523,0.978521,0.980245,0.992455,0.998711,1.890602,1.890602,0.687907,0.985051,0.993176,0.996363,97.443399,
172,0.993631,0.983494,0.985118,0.994744,0.998845,1.945398,1.952877,0.723862,0.988659,0.994987,0.997054,98.109078,
173,0.993708,0.977591,0.982827,0.996882,1.000103,1.945398,1.945398,0.695721,0.986067,0.993771,0.996103,97.995217,
174,0.992673,0.980472,0.985202,0.994427,0.997671,2.002872,2.002872,0.711403,0.987726,0.994579,0.996749,97.931754,
175,0.992995,0.977569,0.982670,0.996157,0.999079,2.015437,2.015437,0.695280,0.986860,0.994155,0.996496,97.982049,
176,0.994895,0.982195,0.987551,0.996909,1.000046,2.024371,2.024371,0.704192,0.989165,0.995324,0.997275,98.529505,
177,0.993936,0.979654,0.983642,0.997287,0.999982,2.036412,2.059286,0.693070,0.987461,0.994760,0.997107,98.294250,
178,0.993812,0.980997,0.984804,0.995904,0.999620,2.036412,2.036412,0.699489,0.987892,0.994904,0.997183,98.278585,
179,0.993291,0.977555,0.981866,0.996520,0.999945,2.040610,2.040610,0.689650,0.985653,0.993924,0.996525,98.068166,
180,0.994327,0.982537,0.985678,0.995862,0.999996,2.052205,2.052205,0.690070,0.988118,0.994912,0.997057,98.407089,
181,0.992183,0.978552,0.978762,0.994644,0.999481,2.076667,2.076667,0.673651,0.983262,0.992312,0.995385,97.707179,
182,0.993113,0.980065,0.985987,0.994530,0.998567,2.150916,2.150916,0.687983,0.986480,0.993892,0.996186,98.145971,
183,0.992768,0.977667,0.982771,0.994268,0.999942,2.155369,2.155369,0.673632,0.985358,0.993604,0.996324,98.077167,
184,0.995166,0.985521,0.988069,0.997071,0.999272,2.198303,2.198303,0.702683,0.990899,0.996024,0.997745,98.889134,
185,0.992954,0.979507,0.982201,0.994641,0.999543,2.199481,2.199481,0.670842,0.985003,0.993250,0.996135,98.142642,
186,0.993887,0.980683,0.985847,0.995413,0.999462,2.221648,2.221648,0.681344,0.986833,0.994348,0.996772,98.477113,
187,0.993763,0.978926,0.982082,0.996167,1.000492,2.202849,2.251801,0.692262,0.984811,0.993445,0.996334,98.336044,
188,0.994601,0.982877,0.987868,0.995252,0.999803,2.202849,2.202849,0.708938,0.988137,0.994835,0.996838,98.629906,
189,0.994064,0.979813,0.983808,0.995469,1.000925,2.204539,2.204539,0.696373,0.984974,0.993409,0.995832,98.360656,
190,0.994526,0.981993,0.987210,0.994131,1.000627,2.241567,2.241567,0.715719,0.986621,0.994035,0.996247,98.570157,
191,0.994579,0.981502,0.983458,0.996626,1.000777,2.252582,2.252582,0.711853,0.984991,0.992855,0.995548,98.480631,
192,0.994087,0.981900,0.986464,0.995317,0.999449,2.268078,2.268078,0.712367,0.984162,0.992170,0.994823,98.300144,
193,0.993967,0.979384,0.982868,0.996710,1.000468,2.290762,2.290762,0.722241,0.985060,0.993145,0.995965,98.439532,
194,0.995618,0.981164,0.986720,0.998326,1.001270,2.334993,2.337466,0.724194,0.987041,0.994213,0.996634,98.966914,
195,0.994225,0.977943,0.982876,0.995183,1.002495,2.314027,2.334993,0.716473,0.985236,0.993558,0.996468,98.587077,
196,0.994674,0.982096,0.986087,0.996833,1.000194,2.259486,2.314027,0.727016,0.988100,0.995165,0.997073,98.746246,
197,0.993866,0.978350,0.981407,0.996334,1.001259,2.148090,2.259486,0.709476,0.984859,0.993440,0.996084,98.261058,
198,0.993059,0.979730,0.983732,0.993228,1.000106,2.139419,2.148090,0.721507,0.986096,0.993845,0.996485,98.125516,
199,0.992919,0.977470,0.982009,0.994977,1.000067,2.124172,2.139419,0.705906,0.985284,0.993856,0.996656,98.092094,
200,0.995644,0.985638,0.989130,0.996626,1.000309,2.042366,2.124172,0.744164,0.990806,0.996003,0.997581,98.765426,
201,0.992744,0.978603,0.982397,0.993848,0.999973,2.023817,2.042366,0.687757,0.984637,0.993279,0.996192,97.868491,
202,0.994000,0.980260,0.985879,0.994895,1.000430,1.986146,2.023817,0.695653,0.986906,0.994359,0.997126,98.223628,
203,0.992047,0.976385,0.979601,0.994486,0.999620,1.928498,1.986146,0.683411,0.985417,0.993518,0.996297,97.620180,
204,0.994544,0.981173,0.987447,0.995630,1.000243,1.928498,1.928498,0.696498,0.988006,0.994460,0.996552,98.231334,
205,0.992844,0.976761,0.982431,0.995905,0.999413,1.884261,1.974024,0.680293,0.984944,0.993248,0.996292,97.724633,
206,0.994830,0.981818,0.986642,0.996130,1.000955,1.857723,1.884261,0.690352,0.987448,0.994511,0.997004,98.242515,
207,0.994802,0.979973,0.986656,0.996871,1.001065,1.846204,1.857723,0.691159,0.986444,0.993954,0.996402,98.143109,
208,0.994567,0.982580,0.987026,0.997493,0.999178,1.750785,1.846204,0.698835,0.988000,0.994571,0.996535,98.010797,
209,0.993055,0.977114,0.983280,0.995857,0.999643,1.725127,1.750785,0.688426,0.986818,0.994335,0.996761,97.656989,
210,0.994013,0.981062,0.984513,0.995771,1.000194,1.687582,1.725127,0.694899,0.986870,0.994309,0.996932,97.826444,
211,0.992033,0.977174,0.981446,0.994366,0.998922,1.647241,1.687582,0.683442,0.984675,0.993135,0.995945,97.208918,
212,0.993302,0.981855,0.985845,0.993497,0.999498,1.644432,1.647241,0.713981,0.987318,0.994257,0.996056,97.534537,
213,0.993376,0.979021,0.984574,0.994630,1.000256,1.595513,1.644432,0.708457,0.984390,0.993013,0.996143,97.428374,
214,0.993755,0.981424,0.984723,0.995643,0.999763,1.595513,1.595513,0.715604,0.986325,0.993922,0.996307,97.569819,
215,0.992716,0.977233,0.982507,0.995704,0.999384,1.635582,1.644343,0.690163,0.984085,0.992698,0.995441,97.275477,
216,0.995832,0.984636,0.989007,0.997175,1.000892,1.635582,1.635582,0.735710,0.990463,0.995726,0.997368,98.251114,
217,0.993593,0.979133,0.981473,0.996543,1.000583,1.637736,1.637736,0.700419,0.984537,0.992979,0.995907,97.514758,
218,0.993337,0.981081,0.983193,0.994818,0.999820,1.652630,1.652630,0.683237,0.985729,0.993859,0.996389,97.572754,
219,0.992621,0.978737,0.983043,0.995291,0.998541,1.683628,1.683628,0.712247,0.984135,0.993025,0.995942,97.358693,
220,0.994220,0.981997,0.986565,0.996654,0.999062,1.726791,1.726791,0.720416,0.987972,0.994722,0.997100,97.945585,
221,0.993469,0.979352,0.981654,0.997518,0.999499,1.781039,1.781039,0.699630,0.984950,0.993267,0.996231,97.713207,
222,0.993585,0.982259,0.984604,0.995494,0.999120,1.815282,1.815282,0.711646,0.986382,0.993908,0.996457,97.829774,
223,0.994152,0.979521,0.982855,0.997105,1.000792,1.836771,1.836771,0.707975,0.984622,0.993082,0.995516,97.861752,
224,0.994713,0.982049,0.986103,0.997632,0.999737,1.872278,1.872278,0.728939,0.985002,0.993025,0.995740,98.038185,
225,0.994225,0.980285,0.985256,0.997152,0.999577,1.896869,1.896869,0.718988,0.985227,0.993223,0.995837,97.984924,
226,0.994118,0.981300,0.985348,0.996037,0.999803,1.937512,1.937512,0.730800,0.986564,0.994035,0.996620,98.114976,
227,0.993358,0.980324,0.984078,0.994519,0.999758,1.963209,1.963209,0.691535,0.984720,0.993383,0.995926,97.906341,
228,0.994794,0.982243,0.987025,0.996514,1.000172,1.975144,2.006335,0.717944,0.988378,0.995174,0.996969,98.403310,
229,0.993415,0.978634,0.983796,0.995470,0.999918,1.970424,1.975144,0.693953,0.984280,0.993056,0.996131,97.926546,
230,0.994485,0.979983,0.984887,0.998147,0.999806,1.970424,1.970424,0.686239,0.986312,0.994126,0.996595,98.258407,
231,0.993617,0.979905,0.985856,0.995268,0.999356,1.963544,1.984827,0.691159,0.984299,0.993069,0.996019,97.954830,
232,0.995848,0.985402,0.989681,0.996656,1.000507,1.963544,1.963544,0.725928,0.990538,0.995887,0.997331,98.686749,
233,0.993239,0.977479,0.981061,0.996335,1.000065,1.993165,2.036766,0.679345,0.984602,0.993307,0.996148,97.939437,
234,0.993490,0.981296,0.985328,0.995432,0.998569,1.968570,1.993165,0.692069,0.986048,0.993975,0.996574,98.026284,
235,0.992965,0.978107,0.985596,0.994145,0.998883,1.968570,1.968570,0.678025,0.983748,0.992936,0.995628,97.786941,
236,0.994109,0.981990,0.988125,0.994423,0.999235,1.963779,2.000548,0.698412,0.986974,0.994172,0.996451,98.155000,
237,0.992780,0.977952,0.982315,0.995439,0.998831,1.963779,1.963779,0.673627,0.984060,0.992916,0.995803,97.757806,
238,0.994017,0.980809,0.983877,0.996030,1.000013,2.051849,2.051849,0.702942,0.986945,0.994398,0.996631,98.269916,
239,0.993844,0.979008,0.984374,0.995899,0.999969,2.042409,2.059414,0.685577,0.985239,0.993515,0.996543,98.174396,
240,0.994739,0.981542,0.986113,0.997088,0.999930,2.042409,2.042409,0.708181,0.987607,0.994737,0.996984,98.459839,
241,0.994674,0.978540,0.984676,0.997641,1.000726,2.100554,2.100554,0.705912,0.986293,0.994330,0.997018,98.499498,
242,0.994347,0.981231,0.988749,0.996654,0.998440,2.103368,2.173063,0.713385,0.986565,0.994126,0.996713,98.396230,
243,0.993820,0.977149,0.981990,0.998087,0.999827,2.103368,2.103368,0.697946,0.984625,0.993380,0.996271,98.209937,
244,0.994954,0.982533,0.986648,0.997944,0.999272,2.115560,2.118644,0.722075,0.987434,0.994682,0.996883,98.583905,
245,0.991839,0.976403,0.982709,0.992976,0.998475,2.115560,2.115560,0.695686,0.983750,0.992943,0.995985,97.748464,
246,0.993921,0.980570,0.985352,0.996015,0.999282,2.152617,2.152617,0.708593,0.986189,0.994130,0.996707,98.366260,
247,0.992656,0.977377,0.983866,0.994641,0.998458,2.184094,2.184094,0.700657,0.984244,0.993126,0.996387,98.054406,
248,0.995477,0.984896,0.988566,0.996487,0.999923,2.252151,2.252151,0.732145,0.990751,0.996053,0.997446,98.993368,
249,0.992817,0.978056,0.979394,0.995643,0.999722,2.284021,2.284021,0.690160,0.984170,0.993330,0.996305,98.223801,
250,0.993566,0.979639,0.983724,0.995918,0.999111,2.304410,2.376909,0.695814,0.986401,0.994357,0.996958,98.519202,
251,0.993843,0.979213,0.982070,0.995360,1.000825,2.304393,2.304410,0.690853,0.984591,0.993548,0.996272,98.481933,
252,0.994886,0.982222,0.986430,0.996332,1.000400,2.208635,2.304393,0.702873,0.988426,0.995091,0.997177,98.741911,
253,0.994174,0.979261,0.982850,0.995846,1.001115,2.146209,2.208635,0.677345,0.984562,0.993426,0.996151,98.344418,
254,0.995184,0.982571,0.986101,0.996452,1.000947,2.047136,2.146209,0.693815,0.986806,0.994320,0.996753,98.528346,
255,0.993384,0.980090,0.984307,0.993938,0.999890,2.047136,2.047136,0.682827,0.985041,0.993516,0.996204,98.053552,
256,0.993082,0.979552,0.983966,0.995098,0.998834,1.958951,2.049183,0.705794,0.985042,0.993074,0.995937,97.821913,
257,0.993304,0.978302,0.981717,0.995839,0.999994,1.958951,1.958951,0.685336,0.985038,0.993435,0.996419,97.935943,
258,0.994596,0.979922,0.986426,0.996566,1.000150,1.920812,1.961693,0.710563,0.987610,0.994744,0.997318,98.298845,
259,0.992193,0.978230,0.980938,0.994107,0.998583,1.846848,1.920812,0.704571,0.984509,0.993395,0.996512,97.543500,
260,0.994985,0.982519,0.988709,0.995120,1.000338,1.804415,1.846848,0.718567,0.988098,0.994860,0.997170,98.225656,
261,0.993362,0.977360,0.983151,0.994606,1.000549,1.780612,1.804415,0.699336,0.984409,0.993273,0.996344,97.696522,
262,0.993791,0.980910,0.984853,0.996047,0.999134,1.747129,1.780612,0.701639,0.986574,0.994224,0.997059,97.855650,
263,0.992700,0.977366,0.980878,0.994492,0.999936,1.709299,1.747129,0.690566,0.984830,0.993385,0.996109,97.454141,
264,0.995110,0.984042,0.989302,0.995590,0.999837,1.678466,1.709299,0.732980,0.990456,0.995959,0.997493,98.170780,
265,0.993197,0.977544,0.981228,0.995990,0.999996,1.660234,1.678466,0.695420,0.984969,0.993634,0.996291,97.522749,
266,0.994258,0.979868,0.984935,0.996183,1.000212,1.653549,1.660234,0.706792,0.986935,0.994311,0.996533,97.797534,
267,0.993704,0.976715,0.982593,0.996723,1.000283,1.653549,1.653549,0.685523,0.984376,0.993356,0.996450,97.628717,
268,0.994525,0.981806,0.985622,0.996257,1.000013,1.675507,1.675507,0.719425,0.988016,0.994635,0.996708,97.911030,
269,0.993509,0.976006,0.981828,0.996473,1.000383,1.683386,1.683386,0.687296,0.984687,0.993336,0.996221,97.605151,
270,0.994332,0.979945,0.984879,0.996998,0.999714,1.714726,1.714726,0.707381,0.986714,0.994168,0.996425,97.875877,
271,0.994655,0.979435,0.984084,0.997130,1.000745,1.728552,1.728552,0.697851,0.986033,0.993908,0.996628,97.970791,
272,0.994684,0.981306,0.986205,0.996365,0.999873,1.801707,1.801707,0.705080,0.987544,0.994351,0.996413,98.076525,
273,0.994700,0.978296,0.984137,0.997356,1.000753,1.922123,1.922123,0.692831,0.986034,0.994067,0.996995,98.268206,
274,0.994871,0.979146,0.983910,0.996588,1.001311,1.926807,1.968811,0.715029,0.987255,0.994582,0.996884,98.320462,
275,0.992947,0.975330,0.981958,0.993755,1.000312,1.908490,1.926807,0.687625,0.984321,0.993235,0.996215,97.763997,
276,0.994279,0.980520,0.985602,0.994615,1.000250,1.908490,1.908490,0.703575,0.987885,0.994772,0.996995,98.193518,
277,0.993080,0.975041,0.982072,0.993954,1.000597,1.942941,1.942941,0.689133,0.983756,0.992914,0.995880,97.792147,
278,0.993826,0.978573,0.983528,0.994372,1.000802,1.964307,1.964307,0.705841,0.986303,0.993938,0.996489,98.079881,
279,0.992680,0.974571,0.980831,0.993441,1.000769,1.975733,1.975733,0.695842,0.984536,0.993235,0.995932,97.765301,
280,0.995124,0.983176,0.988210,0.995717,1.000129,1.977981,1.977981,0.731495,0.990749,0.995990,0.997494,98.564398,
281,0.992464,0.974322,0.980219,0.993959,1.000431,1.983318,2.000208,0.693208,0.984606,0.993335,0.996226,97.757838,
282,0.992743,0.978320,0.982514,0.993160,0.999659,1.983318,1.983318,0.695350,0.985960,0.993769,0.996262,97.846002,
283,0.993180,0.976713,0.984467,0.993334,1.000200,1.964706,1.989493,0.686448,0.984652,0.993559,0.996246,97.905600,
284,0.994176,0.980545,0.985828,0.994931,1.000078,1.922332,1.964706,0.704838,0.988531,0.995074,0.997283,98.228035,
285,0.992971,0.975637,0.981579,0.994189,1.000686,1.876033,1.922332,0.692061,0.985266,0.993785,0.996570,97.782535,
286,0.994706,0.977811,0.983903,0.997031,1.001569,1.839714,1.876033,0.702615,0.987030,0.994708,0.997226,98.210755,
287,0.992613,0.977015,0.981313,0.994270,0.999671,1.839714,1.839714,0.691765,0.984732,0.993507,0.996599,97.645804,
288,0.993507,0.979190,0.983030,0.994757,1.000170,1.876344,1.876344,0.703422,0.984379,0.992681,0.995562,97.759074,
289,0.993954,0.977162,0.983722,0.995889,1.000544,1.949839,1.949839,0.690600,0.984463,0.992947,0.995705,97.981080,
290,0.993457,0.980591,0.984533,0.992960,0.999832,1.954327,1.954327,0.702351,0.986339,0.994030,0.996678,98.007833,
291,0.993269,0.975896,0.981702,0.993054,1.001414,1.971594,1.971594,0.689837,0.984022,0.993101,0.996225,97.906837,
292,0.994438,0.981390,0.985869,0.993742,1.000861,2.010469,2.010469,0.712400,0.988188,0.994959,0.996973,98.363161,
293,0.993007,0.975474,0.981944,0.993067,1.001021,2.025422,2.025422,0.700228,0.984109,0.993097,0.995869,97.884800,
294,0.994117,0.978455,0.983644,0.995338,1.000731,2.167949,2.167949,0.695656,0.985386,0.993621,0.996544,98.394520,
295,0.993568,0.975114,0.980208,0.995959,1.001086,2.181258,2.181258,0.690766,0.983666,0.992825,0.995897,98.198549,
296,0.994840,0.983399,0.987716,0.995507,0.999599,2.270292,2.270292,0.717943,0.990048,0.995665,0.997176,98.838845,
297,0.992965,0.975885,0.981781,0.995237,0.999527,2.389671,2.389671,0.684677,0.983001,0.992611,0.996085,98.337589,
298,0.994283,0.977526,0.983902,0.995259,1.001132,2.537995,2.537995,0.694787,0.985086,0.993678,0.996663,98.912573,
299,0.993879,0.974664,0.982535,0.995323,1.001510,2.647628,2.652496,0.685617,0.982571,0.992751,0.995710,98.837158,
300,0.993935,0.980327,0.984593,0.995008,0.999862,2.549560,2.647628,0.703204,0.986520,0.994190,0.996606,98.873616,
301,0.992805,0.974361,0.980394,0.995018,1.000491,2.476767,2.549560,0.672312,0.982511,0.992255,0.995551,98.357542,
302,0.994028,0.979412,0.985194,0.994367,1.000882,2.360026,2.476767,0.677333,0.985371,0.993679,0.996507,98.627551,
303,0.993546,0.975833,0.981426,0.995679,1.001291,2.326113,2.360026,0.664640,0.984229,0.993143,0.995878,98.406370,
304,0.993393,0.977949,0.984895,0.995075,0.999426,2.326113,2.326113,0.695927,0.985739,0.993850,0.996383,98.436885,
305,0.993049,0.975601,0.981873,0.994878,1.000506,2.349018,2.349018,0.681783,0.983748,0.992931,0.995914,98.309424,
306,0.993303,0.979133,0.984079,0.994546,0.999428,2.396952,2.476287,0.684707,0.985070,0.993458,0.996364,98.490094,
307,0.991794,0.974194,0.981154,0.992894,0.999201,2.396952,2.396952,0.662869,0.982732,0.992674,0.996054,98.101862,
308,0.993388,0.980305,0.985074,0.994177,0.999051,2.475880,2.475880,0.699572,0.986618,0.994302,0.996718,98.676358,
309,0.992324,0.973617,0.978625,0.994664,1.000387,2.476927,2.476927,0.672703,0.982009,0.992424,0.995829,98.280495,
310,0.993496,0.977822,0.983476,0.994798,1.000003,2.563582,2.563582,0.689454,0.984250,0.993163,0.996069,98.700755,
311,0.992817,0.974200,0.980654,0.995590,0.999749,2.620294,2.620294,0.668294,0.982275,0.992572,0.995966,98.589580,
312,0.994725,0.984539,0.988188,0.995893,0.998656,2.643878,2.643878,0.714464,0.990051,0.995895,0.997585,99.335068,
313,0.993100,0.975074,0.979999,0.995549,1.000528,2.728079,2.728079,0.675214,0.982144,0.992241,0.995741,98.750427,
314,0.993315,0.978387,0.983845,0.994204,0.999828,2.833538,2.833538,0.683517,0.983514,0.992697,0.995980,98.973062,
315,0.992868,0.974755,0.982992,0.994155,0.999974,2.927922,2.927922,0.664328,0.981727,0.992330,0.995759,98.958874,
316,0.993671,0.980040,0.985714,0.994692,0.999191,3.028911,3.148958,0.697222,0.985911,0.993932,0.996609,99.410365,
317,0.992316,0.974975,0.980713,0.993499,0.999771,3.028911,3.028911,0.669445,0.980972,0.991840,0.995469,98.914446,
318,0.992822,0.978575,0.985012,0.992447,0.999139,3.162993,3.188482,0.697845,0.983570,0.992811,0.995807,99.268273,
319,0.992815,0.975592,0.979214,0.993743,1.001003,3.162993,3.162993,0.684341,0.981154,0.992109,0.995702,99.218723,
320,0.992750,0.977551,0.981024,0.993265,1.000080,3.215919,3.266870,0.687473,0.977215,0.989284,0.993477,98.947610,
321,0.992795,0.982646,0.983779,0.992455,0.998572,3.178858,3.215919,0.702287,0.977252,0.988659,0.992694,98.817647,
322,0.991585,0.976283,0.979804,0.993188,0.998588,3.178858,3.178858,0.678556,0.980904,0.991708,0.995054,98.900329,
323,0.992613,0.978549,0.983988,0.993448,0.998733,3.085694,3.183277,0.696022,0.984502,0.993342,0.995808,99.153764,
324,0.991823,0.974568,0.980988,0.994196,0.998557,2.982296,3.085694,0.665713,0.982495,0.992704,0.995915,98.831325,
325,0.993211,0.981341,0.984325,0.993881,0.999024,2.889486,2.982296,0.708627,0.986212,0.994162,0.996485,99.133335,
326,0.991608,0.974514,0.980970,0.993101,0.998927,2.873858,2.889486,0.686698,0.982013,0.992407,0.995664,98.605384,
327,0.992461,0.977788,0.982353,0.993203,0.999355,2.815175,2.873858,0.688667,0.985041,0.993841,0.996601,98.870135,
328,0.990681,0.973937,0.978320,0.991537,0.998899,2.701162,2.815175,0.681958,0.983367,0.993144,0.996262,98.274626,
329,0.995124,0.983571,0.988868,0.995821,1.000007,2.676594,2.701162,0.713026,0.990479,0.996031,0.997644,99.477215,
330,0.991252,0.974937,0.979223,0.991635,0.999604,2.676594,2.676594,0.687318,0.983394,0.993008,0.996135,98.349693,
331,0.992616,0.978465,0.984596,0.992567,0.999064,2.722290,2.722290,0.675915,0.985502,0.994095,0.996873,98.826690,
332,0.991036,0.974254,0.980462,0.991433,0.998641,2.689380,2.748896,0.672182,0.982128,0.992386,0.996046,98.284225,
333,0.993224,0.980334,0.984188,0.994451,0.998920,2.689380,2.689380,0.684972,0.986964,0.994469,0.997018,98.949412,
334,0.991360,0.975249,0.978983,0.994027,0.998280,2.775103,2.775103,0.673754,0.982507,0.992621,0.995777,98.452576,
335,0.992946,0.979317,0.984752,0.994782,0.998375,2.789835,2.789835,0.685016,0.985529,0.993696,0.996334,98.919317,
336,0.992805,0.976576,0.980945,0.994501,1.000438,2.831528,2.831528,0.694963,0.984734,0.994039,0.996663,98.976479,
337,0.994033,0.979856,0.984653,0.995400,1.000297,2.859485,2.859485,0.705293,0.985592,0.993931,0.996681,99.277842,
338,0.992421,0.977548,0.982245,0.994518,0.998729,2.723170,2.976400,0.689515,0.983944,0.993130,0.996091,98.667080,
339,0.993013,0.979748,0.983216,0.994697,0.999109,2.723170,2.723170,0.704935,0.985360,0.993665,0.996234,98.833627,
340,0.990608,0.974376,0.979858,0.993223,0.997487,2.774215,2.774215,0.688262,0.982722,0.992541,0.995846,98.284968,
341,0.992179,0.980716,0.983280,0.993040,0.998158,2.776261,2.776261,0.708724,0.986481,0.994370,0.996870,98.805942,
342,0.990573,0.976334,0.980920,0.991168,0.997536,2.823793,2.823793,0.676338,0.982352,0.992208,0.995700,98.315758,
343,0.992436,0.979582,0.984485,0.992701,0.998561,2.886829,2.921472,0.687260,0.984842,0.993465,0.996398,98.921358,
344,0.991674,0.976650,0.981244,0.992876,0.998553,2.886829,2.886829,0.675891,0.982974,0.992829,0.996073,98.695882,
345,0.994229,0.984687,0.987603,0.994490,0.998924,2.912312,2.912312,0.717489,0.990377,0.995908,0.997822,99.588734,
346,0.992175,0.975327,0.980618,0.993849,0.999700,2.916321,2.924172,0.673316,0.982717,0.992685,0.996166,98.842877,
347,0.992297,0.977970,0.982133,0.993210,0.999004,2.841326,2.916321,0.672886,0.984260,0.993189,0.995927,98.785534,
348,0.990906,0.974182,0.980925,0.992381,0.997992,2.841326,2.841326,0.662894,0.982534,0.992621,0.996181,98.474048,
349,0.993632,0.981378,0.987478,0.993497,0.999210,2.810634,2.887804,0.688952,0.987008,0.994572,0.997110,99.202547,
350,0.992160,0.976351,0.981643,0.993177,0.999545,2.810634,2.810634,0.675729,0.982710,0.992891,0.996172,98.715647,
351,0.993905,0.982027,0.986829,0.993722,0.999707,2.827822,2.827822,0.699201,0.985720,0.993817,0.996767,99.213715,
352,0.993032,0.978740,0.983500,0.994079,0.999579,2.812125,2.841125,0.682838,0.983366,0.992865,0.995908,98.885728,
353,0.993544,0.983250,0.986772,0.993754,0.998700,2.812125,2.812125,0.701536,0.982927,0.992032,0.994921,98.873057,
354,0.992721,0.977965,0.983696,0.994843,0.998834,2.915157,2.915157,0.684495,0.983190,0.992844,0.995874,98.942487,
355,0.994093,0.981092,0.987276,0.995295,0.999470,2.966624,2.966624,0.696329,0.986157,0.994079,0.996718,99.440523,
356,0.993359,0.977983,0.982027,0.994676,1.000884,2.981953,2.981953,0.673040,0.982593,0.992687,0.996090,99.176836,
357,0.994008,0.982878,0.987963,0.994923,0.998811,3.096607,3.096607,0.689695,0.986960,0.994494,0.996972,99.629977,
358,0.992202,0.977286,0.983195,0.994918,0.998232,3.072982,3.111471,0.655946,0.981886,0.992056,0.995495,98.965539,
359,0.993159,0.981704,0.984987,0.993721,0.999138,3.059123,3.072982,0.678101,0.984427,0.993417,0.996427,99.296548,
360,0.991220,0.976677,0.980029,0.992947,0.998066,3.000928,3.059123,0.660950,0.982472,0.992638,0.995758,98.709239,
361,0.995047,0.984587,0.989178,0.994769,1.000091,2.962085,3.000928,0.706264,0.991098,0.996545,0.998015,99.879784,
362,0.992087,0.977414,0.981615,0.992796,0.999273,2.880549,2.962085,0.662940,0.982487,0.992752,0.995952,98.767654,
363,0.992748,0.979481,0.983622,0.992299,0.999841,2.880549,2.880549,0.655281,0.984736,0.993506,0.996617,99.012434,
364,0.991770,0.976777,0.984054,0.991442,0.998739,2.883278,2.883278,0.623264,0.981405,0.992446,0.996133,98.718865,
365,0.993579,0.982377,0.985291,0.993674,0.999511,2.903931,2.903931,0.672439,0.986472,0.994586,0.996799,99.286771,
366,0.991691,0.975392,0.980824,0.992664,0.999313,2.911920,2.911920,0.654080,0.982120,0.992375,0.996012,98.710906,
367,0.993682,0.980114,0.984149,0.995184,0.999929,2.956343,2.956343,0.660095,0.985140,0.993591,0.996523,99.306791,
368,0.993890,0.977680,0.982650,0.995931,1.001398,3.120418,3.120418,0.660170,0.983210,0.992845,0.996321,99.498777,
369,0.995042,0.981550,0.985482,0.995632,1.001937,3.363330,3.363330,0.682757,0.983766,0.992564,0.995194,99.946878,
370,0.992712,0.975845,0.982615,0.993112,1.000534,3.724651,3.724651,0.675876,0.983112,0.992679,0.996033,99.959117,
371,0.993596,0.979958,0.985210,0.994302,0.999703,3.899013,3.899013,0.684272,0.984630,0.993347,0.996395,100.000000,
372,0.992854,0.975079,0.982406,0.994720,1.000225,4.089752,4.089752,0.675974,0.981576,0.992230,0.995542,100.000000,
373,0.994129,0.981603,0.986714,0.994445,0.999959,4.191828,4.191828,0.695883,0.985673,0.993969,0.996547,100.000000,
374,0.992746,0.977587,0.980823,0.993476,1.000759,4.247960,4.247960,0.665814,0.981118,0.991847,0.995241,100.000000,
375,0.993389,0.980079,0.984239,0.994823,0.999372,4.371343,4.371343,0.686714,0.984377,0.993484,0.996302,100.000000,
376,0.992331,0.976319,0.981729,0.994028,0.999318,4.495677,4.495677,0.670929,0.982508,0.992818,0.996030,100.000000,
377,0.995090,0.984652,0.988797,0.995987,0.999413,4.676698,4.676698,0.721888,0.990284,0.995986,0.997788,100.000000,
378,0.992584,0.975581,0.980476,0.995912,0.999243,4.718245,4.718245,0.665686,0.982550,0.992463,0.995662,100.000000,
379,0.992541,0.979096,0.981728,0.994187,0.998676,4.820386,4.820386,0.691339,0.984792,0.993588,0.996467,100.000000,
380,0.992468,0.975319,0.980374,0.994555,0.999687,4.977972,4.977972,0.681056,0.981948,0.992376,0.995775,100.000000,
381,0.994324,0.982493,0.986629,0.995297,0.999219,5.174508,5.200557,0.704966,0.986776,0.994470,0.996992,100.000000,
382,0.992765,0.978486,0.981623,0.992272,1.000167,5.174508,5.174508,0.682052,0.982201,0.992472,0.995814,100.000000,
383,0.994180,0.981275,0.984937,0.994959,0.999969,5.057701,5.208096,0.693832,0.985572,0.993949,0.996549,100.000000,
384,0.993456,0.978108,0.982099,0.994740,1.000172,5.057701,5.057701,0.673934,0.982555,0.992617,0.995956,100.000000,
385,0.993907,0.978858,0.984105,0.995325,0.999836,5.086092,5.086092,0.684650,0.981229,0.991481,0.995103,100.000000,
386,0.993389,0.977560,0.983052,0.993420,1.000245,5.152898,5.152898,0.687846,0.983196,0.992858,0.996116,100.000000,
387,0.994211,0.980210,0.984103,0.996092,0.999469,5.203765,5.203765,0.695156,0.986014,0.994489,0.996980,100.000000,
388,0.993092,0.973829,0.980697,0.994814,1.000349,5.253981,5.253981,0.673704,0.982607,0.992593,0.996027,100.000000,
389,0.994050,0.980357,0.984938,0.996187,0.998908,5.221302,5.259852,0.708223,0.986917,0.994451,0.996402,100.000000,
390,0.992929,0.974609,0.979540,0.995016,1.000161,5.221302,5.221302,0.681881,0.981638,0.992298,0.995590,100.000000,
391,0.993424,0.978670,0.983933,0.993485,0.999730,5.241343,5.241343,0.691425,0.984887,0.993771,0.996606,100.000000,
392,0.992544,0.974823,0.982022,0.992961,0.999498,5.291534,5.393442,0.673309,0.982337,0.992453,0.995875,100.000000,
393,0.995642,0.983567,0.989375,0.995863,1.000068,5.291534,5.291534,0.719871,0.990184,0.995909,0.997670,100.000000,
394,0.992454,0.974099,0.981057,0.994440,0.999087,5.347963,5.381790,0.675351,0.981429,0.991897,0.995300,100.000000,
395,0.993111,0.978100,0.982563,0.994820,0.998968,5.347963,5.347963,0.697880,0.983885,0.993027,0.995973,100.000000,
396,0.991583,0.974993,0.981329,0.993706,0.997461,5.543324,5.543324,0.683648,0.980933,0.991780,0.995098,100.000000,
397,0.993464,0.981419,0.986624,0.993993,0.998016,5.591776,5.591776,0.708094,0.986446,0.994262,0.996660,100.000000,
398,0.992984,0.975177,0.982195,0.995140,0.999211,5.603848,5.795766,0.676708,0.981434,0.992052,0.995396,100.000000,
399,0.994572,0.981091,0.986466,0.996040,0.999377,5.603848,5.603848,0.703733,0.984514,0.993538,0.996373,100.000000,
400,0.994835,0.977841,0.984438,0.996842,1.000766,5.533619,5.604871,0.691063,0.982359,0.992335,0.995706,100.000000,
401,0.994566,0.980379,0.986439,0.995692,0.999741,5.490970,5.533619,0.696977,0.983209,0.992470,0.995622,100.000000,
402,0.994273,0.977047,0.983532,0.996559,1.000424,5.490970,5.490970,0.697821,0.982852,0.992914,0.996162,100.000000,
403,0.993731,0.979185,0.983636,0.994677,0.999760,5.595267,5.595267,0.701479,0.984530,0.993592,0.996680,100.000000,
404,0.992465,0.975785,0.981228,0.992694,0.999728,5.611909,5.611909,0.682956,0.980509,0.991573,0.995595,100.000000,
405,0.993886,0.980351,0.985176,0.993398,0.999819,5.545856,5.734137,0.719282,0.985620,0.993738,0.996377,100.000000,
406,0.993650,0.977720,0.981165,0.994396,1.000522,5.545856,5.545856,0.689389,0.980230,0.991528,0.995412,100.000000,
407,0.993719,0.979681,0.983858,0.994090,0.999657,5.640816,5.737065,0.694223,0.982968,0.992729,0.996003,100.000000,
408,0.993644,0.976265,0.982231,0.995064,1.000150,5.640816,5.640816,0.696831,0.980061,0.991386,0.995251,100.000000,
409,0.995537,0.985597,0.988630,0.996738,0.999278,5.612126,5.671386,0.738894,0.989472,0.995748,0.997569,100.000000,
410,0.993030,0.977381,0.981052,0.994549,0.999582,5.581894,5.612126,0.696071,0.980463,0.991663,0.995484,100.000000,
411,0.993735,0.979653,0.983409,0.995334,0.999395,5.541645,5.581894,0.698816,0.982935,0.992594,0.996007,100.000000,
412,0.993299,0.976985,0.980561,0.995057,1.000158,5.429542,5.541645,0.693179,0.980020,0.991291,0.995262,100.000000,
413,0.993854,0.983368,0.986303,0.993584,0.998860,5.350818,5.429542,0.719650,0.985822,0.993886,0.996509,100.000000,
414,0.992827,0.976643,0.979778,0.993446,1.000493,5.272676,5.350818,0.690389,0.981007,0.991863,0.995780,100.000000,
415,0.994126,0.980272,0.984442,0.994966,1.000138,5.108987,5.272676,0.705140,0.984552,0.993562,0.996560,100.000000,
416,0.994084,0.977200,0.983424,0.995038,1.001072,4.976641,5.108987,0.694591,0.982380,0.992380,0.995775,100.000000,
417,0.993935,0.978598,0.985463,0.994817,0.999832,4.976641,4.976641,0.702098,0.982228,0.991986,0.995425,100.000000,
418,0.994574,0.978461,0.984752,0.994724,1.001326,5.007884,5.007884,0.701694,0.982418,0.992348,0.995727,100.000000,
419,0.995120,0.979552,0.985772,0.995723,1.001365,5.014476,5.014476,0.712806,0.984695,0.993274,0.996093,100.000000,
420,0.994114,0.976696,0.981651,0.995118,1.001676,5.082382,5.085113,0.697741,0.982107,0.992277,0.995633,100.000000,
421,0.994026,0.981696,0.985415,0.994143,0.999676,5.064683,5.082382,0.717001,0.986445,0.994248,0.996565,100.000000,
422,0.993028,0.977439,0.982624,0.993698,0.999883,5.064683,5.064683,0.686095,0.980197,0.991280,0.995170,100.000000,
423,0.993771,0.980396,0.982508,0.994433,1.000438,5.151924,5.151924,0.704306,0.983792,0.993029,0.996308,100.000000,
424,0.992185,0.976704,0.980192,0.992911,0.999370,5.187725,5.187725,0.694040,0.981522,0.992004,0.995455,100.000000,
425,0.994492,0.983661,0.987829,0.994902,0.999002,5.239250,5.321788,0.737709,0.989644,0.995578,0.997460,100.000000,
426,0.991876,0.974472,0.980891,0.993020,0.998946,5.239250,5.239250,0.691357,0.980836,0.992035,0.995636,100.000000,
427,0.993179,0.979023,0.983452,0.994535,0.999066,5.398072,5.398072,0.704891,0.983645,0.993000,0.996223,100.000000,
428,0.991593,0.976043,0.979903,0.991851,0.999099,5.402416,5.413490,0.689039,0.980129,0.991400,0.995220,100.000000,
429,0.994099,0.980614,0.985145,0.994182,1.000232,5.402416,5.402416,0.714629,0.985717,0.993914,0.996636,100.000000,
430,0.992095,0.976356,0.979831,0.993282,0.999368,5.400068,5.425447,0.683422,0.980125,0.991281,0.995501,100.000000,
431,0.994002,0.980080,0.984029,0.995690,0.999830,5.400068,5.400068,0.706915,0.984691,0.993354,0.996294,100.000000,
432,0.994112,0.977384,0.984249,0.994661,1.001068,5.423921,5.423921,0.694095,0.982492,0.992490,0.996059,100.000000,
433,0.994509,0.978538,0.985647,0.995863,1.000262,5.454593,5.608375,0.702142,0.984531,0.993308,0.996363,100.000000,
434,0.993072,0.975446,0.982251,0.994563,0.999982,5.454593,5.454593,0.701129,0.982103,0.992031,0.995529,100.000000,
435,0.994032,0.979098,0.984188,0.995880,0.999817,5.627382,5.627382,0.712175,0.984825,0.993338,0.996271,100.000000,
436,0.992159,0.977643,0.981439,0.993257,0.998449,5.680620,5.680620,0.692790,0.980773,0.991383,0.995182,100.000000,
437,0.994023,0.981116,0.986111,0.994287,0.999413,5.753965,5.753965,0.711644,0.986056,0.993963,0.996538,100.000000,
438,0.991984,0.976238,0.978679,0.993517,0.999144,5.733790,5.785118,0.682888,0.981086,0.991816,0.995238,100.000000,
439,0.993724,0.980089,0.983339,0.994497,0.999830,5.733790,5.733790,0.695307,0.984405,0.993296,0.995953,100.000000,
440,0.992774,0.976227,0.980202,0.993838,1.000040,5.698111,5.772275,0.689452,0.981800,0.992230,0.995639,100.000000,
441,0.995303,0.984925,0.989798,0.995508,0.999466,5.687811,5.698111,0.731401,0.989794,0.995607,0.997344,100.000000,
442,0.992290,0.976850,0.980759,0.992992,0.999473,5.687811,5.687811,0.677450,0.980190,0.991308,0.995142,100.000000,
443,0.993055,0.979440,0.984213,0.993234,0.999205,5.633904,5.695538,0.702410,0.983386,0.992940,0.996127,100.000000,
444,0.992545,0.975767,0.981599,0.992895,1.000063,5.578512,5.633904,0.674405,0.980060,0.991398,0.995533,100.000000,
445,0.994331,0.981658,0.987182,0.994600,0.999657,5.475885,5.578512,0.707167,0.986292,0.994231,0.996770,100.000000,
446,0.993593,0.977209,0.979519,0.996075,1.000774,5.475885,5.475885,0.667429,0.980472,0.991674,0.995466,100.000000,
447,0.995086,0.979695,0.984627,0.997348,1.001038,5.504986,5.585871,0.680134,0.984024,0.993226,0.996318,100.000000,
448,0.993763,0.977290,0.981170,0.996040,1.000667,5.363932,5.504986,0.668599,0.980996,0.991942,0.995632,100.000000,
449,0.993106,0.979410,0.983590,0.994055,0.999217,5.363932,5.363932,0.658354,0.979179,0.990570,0.994784,100.000000,
450,0.992290,0.978219,0.981462,0.993272,0.999079,5.411364,5.535865,0.664976,0.981073,0.991606,0.995307,100.000000,
451,0.993184,0.980129,0.984150,0.993397,0.999377,5.411364,5.411364,0.676951,0.983784,0.993167,0.995983,100.000000,
452,0.993045,0.977140,0.981291,0.995012,0.999734,5.478610,5.478610,0.672512,0.980142,0.991333,0.995061,100.000000,
453,0.993940,0.981736,0.986055,0.994843,0.999194,5.666318,5.666318,0.699458,0.984928,0.993588,0.996426,100.000000,
454,0.992654,0.974888,0.980235,0.995223,1.000011,5.843690,5.843690,0.673082,0.979758,0.991387,0.995345,100.000000,
455,0.992476,0.979677,0.982854,0.992765,0.998852,6.049312,6.049312,0.687166,0.982861,0.992808,0.995931,100.000000,
456,0.993053,0.976376,0.981429,0.994708,1.000210,6.126181,6.126181,0.684514,0.981228,0.992217,0.995786,100.000000,
457,0.993495,0.977922,0.986320,0.994461,0.999115,6.150673,6.284407,0.682612,0.982302,0.992350,0.995550,100.000000,
458,0.993615,0.977293,0.983370,0.994837,1.000159,6.150673,6.150673,0.689372,0.980815,0.992012,0.996031,100.000000,
459,0.993190,0.979193,0.984048,0.993925,0.999197,5.771804,6.175354,0.698744,0.983414,0.993099,0.996059,100.000000,
460,0.992182,0.976921,0.982709,0.993292,0.998385,5.476093,5.771804,0.669652,0.979425,0.991384,0.995331,100.000000,
461,0.993691,0.981120,0.985632,0.994143,0.999276,5.241650,5.476093,0.692370,0.985079,0.994020,0.996656,100.000000,
462,0.992612,0.975068,0.982879,0.993845,0.999772,5.030677,5.241650,0.660563,0.979095,0.991127,0.995245,100.000000,
463,0.992390,0.979427,0.983933,0.993456,0.998107,4.876220,5.030677,0.684808,0.982919,0.992623,0.995819,100.000000,
464,0.992714,0.978898,0.983852,0.993320,0.999155,4.876220,4.876220,0.660868,0.980258,0.991807,0.995664,100.000000,
465,0.992835,0.981081,0.984639,0.993568,0.998506,4.656214,4.945628,0.665050,0.978282,0.990209,0.994030,100.000000,
466,0.992912,0.979244,0.985057,0.993441,0.999063,4.571531,4.656214,0.668280,0.980701,0.991867,0.995536,100.000000,
467,0.993758,0.980324,0.984142,0.995385,0.999635,4.526962,4.571531,0.681982,0.983332,0.992555,0.995748,100.000000,
468,0.993365,0.977225,0.979914,0.996144,1.000576,4.526962,4.526962,0.656056,0.980446,0.991633,0.995200,100.000000,
469,0.993232,0.978230,0.984033,0.993731,0.999965,4.614996,4.614996,0.658658,0.979261,0.990696,0.994736,100.000000,
470,0.992539,0.973981,0.980213,0.994916,1.000170,4.641069,4.641069,0.654619,0.979338,0.990859,0.994706,100.000000,
471,0.993913,0.980739,0.984710,0.994390,1.000123,4.710319,4.710319,0.678145,0.983728,0.993205,0.996364,100.000000,
472,0.992909,0.976758,0.981461,0.994627,0.999762,4.839077,4.839077,0.667203,0.978722,0.990906,0.994896,100.000000,
473,0.992791,0.979736,0.982772,0.993851,0.998719,4.965351,4.968801,0.673683,0.977580,0.989938,0.994141,100.000000,
474,0.991073,0.978647,0.980707,0.990941,0.997851,4.884169,4.965351,0.670409,0.978115,0.990355,0.994542,100.000000,
475,0.992136,0.978124,0.979625,0.993752,0.998946,4.884169,4.884169,0.659166,0.977149,0.989990,0.994624,100.000000,
476,0.992533,0.977444,0.980613,0.992987,0.999994,4.838344,4.910989,0.666066,0.978653,0.990853,0.994961,100.000000,
477,0.992711,0.977726,0.980287,0.994590,0.999478,4.699181,4.838344,0.668978,0.977992,0.989996,0.994470,100.000000,
478,0.991395,0.977826,0.980315,0.991572,0.998512,4.636000,4.699181,0.667812,0.977702,0.990436,0.994658,100.000000,
479,0.992315,0.975967,0.977689,0.993250,1.000839,4.636000,4.636000,0.651877,0.973626,0.988219,0.993360,100.000000,
